year,iso_week,new_listings,cumulative_listings,smoothed_listings
2019,1,3,3,29.5
2019,31,56,59,24.333333333333332
2019,32,14,73,35.333333333333336
2019,33,36,109,28.666666666666668
2019,34,36,145,37.0
2019,35,39,184,45.0
2019,36,60,244,61.666666666666664
2019,37,86,330,83.66666666666667
2019,38,105,435,102.66666666666667
2019,39,117,552,110.66666666666667
2019,40,110,662,115.0
2019,41,118,780,115.66666666666667
2019,42,119,899,116.0
2019,43,111,1010,108.33333333333333
2019,44,95,1105,91.0
2019,45,67,1172,71.33333333333333
2019,46,52,1224,54.666666666666664
2019,47,45,1269,45.0
2019,48,38,1307,37.333333333333336
2019,49,29,1336,36.0
2019,50,41,1377,33.333333333333336
2019,51,30,1407,31.333333333333332
2019,52,23,1430,26.5
2020,31,33,33,20.5
2020,32,8,41,18.666666666666668
2020,33,15,56,17.0
2020,34,28,84,21.666666666666668
2020,35,22,106,27.333333333333332
2020,36,32,138,28.0
2020,37,30,168,31.666666666666668
2020,38,33,201,37.666666666666664
2020,39,50,251,49.666666666666664
2020,40,66,317,60.666666666666664
2020,41,66,383,75.66666666666667
2020,42,95,478,80.0
2020,43,79,557,80.33333333333333
2020,44,67,624,78.66666666666667
2020,45,90,714,77.66666666666667
2020,46,76,790,65.33333333333333
2020,47,30,820,55.333333333333336
2020,48,60,880,44.666666666666664
2020,49,44,924,50.0
2020,50,46,970,41.0
2020,51,33,1003,34.333333333333336
2020,52,24,1027,27.666666666666668
2020,53,26,1053,25.0
2021,30,59,59,32.5
2021,31,6,65,28.333333333333332
2021,32,20,85,20.666666666666668
2021,33,36,121,28.666666666666668
2021,34,30,151,36.0
2021,35,42,193,43.333333333333336
2021,36,58,251,50.333333333333336
2021,37,51,302,62.666666666666664
2021,38,79,381,68.66666666666667
2021,39,76,457,87.33333333333333
2021,40,107,564,96.66666666666667
2021,41,107,671,109.66666666666667
2021,42,115,786,111.0
2021,43,111,897,108.0
2021,44,98,995,99.0
2021,45,88,1083,84.33333333333333
2021,46,67,1150,69.66666666666667
2021,47,54,1204,50.666666666666664
2021,48,31,1235,47.333333333333336
2021,49,57,1292,41.333333333333336
2021,50,36,1328,45.333333333333336
2021,51,43,1371,33.0
2021,52,20,1391,31.5
2022,31,64,64,47.5
2022,32,31,95,47.333333333333336
2022,33,47,142,33.333333333333336
2022,34,22,164,45.333333333333336
2022,35,67,231,53.0
2022,36,70,301,72.66666666666667
2022,37,81,382,80.0
2022,38,89,471,88.66666666666667
2022,39,96,567,99.33333333333333
2022,40,113,680,106.0
2022,41,109,789,115.33333333333333
2022,42,124,913,113.66666666666667
2022,43,108,1021,110.66666666666667
2022,44,100,1121,99.0
2022,45,89,1210,79.66666666666667
2022,46,50,1260,63.333333333333336
2022,47,51,1311,45.0
2022,48,34,1345,38.666666666666664
2022,49,31,1376,33.0
2022,50,34,1410,29.666666666666668
2022,51,24,1434,26.333333333333332
2022,52,21,1455,22.5
2023,31,58,58,41.5
2023,32,25,83,44.0
2023,33,49,132,39.0
2023,34,43,175,46.0
2023,35,46,221,42.666666666666664
2023,36,39,260,51.0
2023,37,68,328,55.333333333333336
2023,38,59,387,80.66666666666667
2023,39,115,502,91.66666666666667
2023,40,101,603,99.66666666666667
2023,41,83,686,94.33333333333333
2023,42,99,785,94.33333333333333
2023,43,101,886,92.33333333333333
2023,44,77,963,75.66666666666667
2023,45,49,1012,64.33333333333333
2023,46,67,1079,52.333333333333336
2023,47,41,1120,44.333333333333336
2023,48,25,1145,39.333333333333336
2023,49,52,1197,34.333333333333336
2023,50,26,1223,32.333333333333336
2023,51,19,1242,21.0
2023,52,18,1260,18.5
2024,31,52,52,31.5
2024,32,11,63,30.666666666666668
2024,33,29,92,25.333333333333332
2024,34,36,128,33.666666666666664
2024,35,36,164,41.666666666666664
2024,36,53,217,53.666666666666664
2024,37,72,289,68.0
2024,38,79,368,75.0
2024,39,74,442,82.33333333333333
2024,40,94,536,89.0
2024,41,99,635,96.66666666666667
2024,42,97,732,90.66666666666667
2024,43,76,808,80.66666666666667
2024,44,69,877,73.0
2024,45,74,951,65.0
2024,46,52,1003,56.333333333333336
2024,47,43,1046,44.0
2024,48,37,1083,36.333333333333336
2024,49,29,1112,30.0
2024,50,24,1136,28.0
2024,51,31,1167,26.0
2024,52,23,1190,27.0
2025,1,4,4,28.5
2025,31,53,57,20.666666666666668
2025,32,5,62,27.333333333333332
2025,33,24,86,18.0
2025,34,25,111,25.0
2025,35,26,137,23.666666666666668
2025,36,20,157,30.333333333333332
2025,37,45,202,43.0
2025,38,64,266,60.333333333333336
2025,39,72,338,65.0
2025,40,59,397,72.0
2025,41,85,482,69.66666666666667
2025,42,65,547,71.66666666666667
2025,43,65,612,67.0
2025,44,71,683,65.0
2025,45,59,742,58.666666666666664
2025,46,46,788,50.333333333333336
2025,47,46,834,41.333333333333336
2025,48,32,866,33.0
2025,49,21,887,27.666666666666668
2025,50,30,917,24.0
2025,51,21,938,23.0
2025,52,18,956,19.5
2026,31,31,31,20.5
2026,32,10,41,24.333333333333332
2026,33,32,73,22.0
2026,34,24,97,29.0
2026,35,31,128,30.666666666666668
2026,36,37,165,37.333333333333336
2026,37,44,209,43.0
2026,38,48,257,60.333333333333336
2026,39,89,346,69.66666666666667
2026,40,72,418,76.66666666666667
2026,41,69,487,70.5
